-- =========================================================================
-- ADDITIONAL DUMMY DATA (50+ rows per table)
-- =========================================================================

-- -----------------------------
-- USERS (52 rows)
-- -----------------------------
INSERT INTO Users (user_id, full_name, email, role, phone_number) VALUES
(5, 'Rafi Kazi', 'rafi@mail.com', 'Football Fan', '+8801744444444'),
(6, 'Shahin Akter', 'shahin@mail.com', 'Football Fan', '+8801755555555'),
(7, 'Kamal Hossain', 'kamal@mail.com', 'Ticket Manager', '+8801766666666'),
(8, 'Nadia Sultana', 'nadia@mail.com', 'Football Fan', '+8801777777777'),
(9, 'Faisal Mahmud', 'faisal@mail.com', 'Football Fan', '+8801788888888'),
(10, 'Tahmina Begum', 'tahmina@mail.com', 'Ticket Manager', '+8801799999999'),
(11, 'Imran Khan', 'imran@mail.com', 'Football Fan', '+8801800000000'),
(12, 'Sumaiya Akter', 'sumaiya@mail.com', 'Football Fan', '+8801811111111'),
(13, 'Rashed Karim', 'rashed@mail.com', 'Football Fan', '+8801822222222'),
(14, 'Farzana Hoque', 'farzana@mail.com', 'Football Fan', NULL),
(15, 'Shakil Ahmed', 'shakil@mail.com', 'Football Fan', '+8801833333333'),
(16, 'Moumita Das', 'moumita@mail.com', 'Ticket Manager', '+8801844444444'),
(17, 'Zahid Hasan', 'zahid@mail.com', 'Football Fan', '+8801855555555'),
(18, 'Rima Chakraborty', 'rima@mail.com', 'Football Fan', '+8801866666666'),
(19, 'Sabbir Hossain', 'sabbir@mail.com', 'Football Fan', NULL),
(20, 'Papia Sultana', 'papia@mail.com', 'Football Fan', '+8801877777777'),
(21, 'Sohel Rana', 'sohel@mail.com', 'Football Fan', '+8801888888888'),
(22, 'Nishat Mazumder', 'nishat@mail.com', 'Ticket Manager', '+8801899999999'),
(23, 'Tarek Aziz', 'tarek@mail.com', 'Football Fan', '+8801900000000'),
(24, 'Sharmin Akhter', 'sharmin@mail.com', 'Football Fan', '+8801911111111'),
(25, 'Rabiul Alam', 'rabiul@mail.com', 'Football Fan', NULL),
(26, 'Laila Kabir', 'laila@mail.com', 'Football Fan', '+8801922222222'),
(27, 'Monir Hossain', 'monir@mail.com', 'Football Fan', '+8801933333333'),
(28, 'Shila Ahmed', 'shila@mail.com', 'Ticket Manager', '+8801944444444'),
(29, 'Habib Rahman', 'habib@mail.com', 'Football Fan', '+8801955555555'),
(30, 'Tania Sultana', 'tania@mail.com', 'Football Fan', '+8801966666666'),
(31, 'Masud Rana', 'masud@mail.com', 'Football Fan', NULL),
(32, 'Farhana Islam', 'farhana@mail.com', 'Football Fan', '+8801977777777'),
(33, 'Khalid Hasan', 'khalid@mail.com', 'Football Fan', '+8801988888888'),
(34, 'Sonia Parvin', 'sonia@mail.com', 'Ticket Manager', '+8801999999999'),
(35, 'Shafiqur Rahman', 'shafiqur@mail.com', 'Football Fan', '+8802000000000'),
(36, 'Mithila Ahmed', 'mithila@mail.com', 'Football Fan', '+8802011111111'),
(37, 'Emon Hossain', 'emon@mail.com', 'Football Fan', NULL),
(38, 'Sharmin Jahan', 'sharmin.j@mail.com', 'Football Fan', '+8802022222222'),
(39, 'Rakibul Islam', 'rakibul@mail.com', 'Ticket Manager', '+8802033333333'),
(40, 'Nusrat Faria', 'nusrat@mail.com', 'Football Fan', '+8802044444444'),
(41, 'Jahid Hasan', 'jahid@mail.com', 'Football Fan', '+8802055555555'),
(42, 'Mahmuda Akter', 'mahmuda@mail.com', 'Football Fan', NULL),
(43, 'Saiful Islam', 'saiful@mail.com', 'Football Fan', '+8802066666666'),
(44, 'Sumon Chowdhury', 'sumon@mail.com', 'Football Fan', '+8802077777777'),
(45, 'Shanta Das', 'shanta@mail.com', 'Ticket Manager', '+8802088888888'),
(46, 'Rony Hossain', 'rony@mail.com', 'Football Fan', '+8802099999999'),
(47, 'Taslima Begum', 'taslima@mail.com', 'Football Fan', NULL),
(48, 'Nayeem Hasan', 'nayeem@mail.com', 'Football Fan', '+8802100000000'),
(49, 'Afroza Khan', 'afroza@mail.com', 'Football Fan', '+8802111111111'),
(50, 'Shamim Reza', 'shamim@mail.com', 'Ticket Manager', '+8802122222222'),
(51, 'Ishrat Jahan', 'ishrat@mail.com', 'Football Fan', '+8802133333333'),
(52, 'Muntasir Mamun', 'muntasir@mail.com', 'Football Fan', NULL),
(53, 'Tahsin Ahmed', 'tahsin@mail.com', 'Football Fan', '+8802144444444'),
(54, 'Sharmin Sultana', 'sharmin.s@mail.com', 'Football Fan', '+8802155555555'),
(55, 'Mahbub Alam', 'mahbub@mail.com', 'Football Fan', '+8802166666666'),
(56, 'Nadia Parvin', 'nadia.p@mail.com', 'Ticket Manager', '+8802177777777');

-- -----------------------------
-- MATCHES (52 rows)
-- -----------------------------
INSERT INTO Matches (match_id, fixture, tournament_category, base_ticket_price, match_status) VALUES
(106, 'Arsenal vs Chelsea', 'Premier League', 110.00, 'Available'),
(107, 'Dortmund vs Leipzig', 'Bundesliga', 85.00, 'Selling Fast'),
(108, 'Atletico Madrid vs Sevilla', 'La Liga', 95.00, 'Available'),
(109, 'Napoli vs Lazio', 'Serie A', 75.00, 'Sold Out'),
(110, 'PSG vs Marseille', 'Ligue 1', 140.00, 'Postponed'),
(111, 'Brazil vs Argentina', 'World Cup Qualifier', 200.00, 'Selling Fast'),
(112, 'England vs Germany', 'International Friendly', 180.00, 'Available'),
(113, 'Portugal vs Spain', 'Nations League', 170.00, 'Available'),
(114, 'Netherlands vs France', 'Nations League', 160.00, 'Sold Out'),
(115, 'Belgium vs Croatia', 'International Friendly', 130.00, 'Available'),
(116, 'Man United vs Tottenham', 'Premier League', 125.00, 'Selling Fast'),
(117, 'Barcelona vs Atletico Madrid', 'La Liga', 145.00, 'Available'),
(118, 'Inter vs Juventus', 'Serie A', 100.00, 'Sold Out'),
(119, 'Bayern vs Dortmund', 'Bundesliga', 140.00, 'Available'),
(120, 'AC Milan vs Napoli', 'Serie A', 95.00, 'Available'),
(121, 'Chelsea vs Man City', 'Premier League', 150.00, 'Postponed'),
(122, 'Real Madrid vs Atletico', 'La Liga', 155.00, 'Selling Fast'),
(123, 'Liverpool vs Arsenal', 'Premier League', 135.00, 'Available'),
(124, 'PSG vs Lyon', 'Ligue 1', 120.00, 'Available'),
(125, 'Juventus vs AC Milan', 'Serie A', 110.00, 'Sold Out'),
(126, 'Sevilla vs Real Betis', 'La Liga', 80.00, 'Available'),
(127, 'Leipzig vs Bayer Leverkusen', 'Bundesliga', 90.00, 'Selling Fast'),
(128, 'France vs Italy', 'Nations League', 165.00, 'Available'),
(129, 'Spain vs Germany', 'International Friendly', 175.00, 'Sold Out'),
(130, 'Argentina vs Uruguay', 'World Cup Qualifier', 190.00, 'Available'),
(131, 'Netherlands vs Belgium', 'Nations League', 155.00, 'Available'),
(132, 'England vs France', 'International Friendly', 185.00, 'Selling Fast'),
(133, 'Portugal vs Netherlands', 'Nations League', 160.00, 'Available'),
(134, 'Brazil vs Colombia', 'World Cup Qualifier', 195.00, 'Postponed'),
(135, 'Man City vs Man United', 'Premier League', 160.00, 'Selling Fast'),
(136, 'Roma vs Lazio', 'Serie A', 85.00, 'Available'),
(137, 'Dortmund vs Schalke', 'Bundesliga', 105.00, 'Sold Out'),
(138, 'Barcelona vs Real Madrid', 'La Liga', 200.00, 'Available'),
(139, 'Chelsea vs Liverpool', 'Premier League', 145.00, 'Available'),
(140, 'Marseille vs Monaco', 'Ligue 1', 115.00, 'Selling Fast'),
(141, 'Inter vs AC Milan', 'Serie A', 130.00, 'Available'),
(142, 'Tottenham vs Arsenal', 'Premier League', 125.00, 'Sold Out'),
(143, 'Bayern vs Leipzig', 'Bundesliga', 135.00, 'Available'),
(144, 'PSG vs Monaco', 'Ligue 1', 125.00, 'Available'),
(145, 'Atletico Madrid vs Real Madrid', 'La Liga', 150.00, 'Postponed'),
(146, 'Juventus vs Napoli', 'Serie A', 105.00, 'Selling Fast'),
(147, 'Germany vs Netherlands', 'International Friendly', 170.00, 'Available'),
(148, 'Italy vs Spain', 'Nations League', 180.00, 'Sold Out'),
(149, 'Uruguay vs Chile', 'World Cup Qualifier', 140.00, 'Available'),
(150, 'Croatia vs Portugal', 'Nations League', 145.00, 'Available'),
(151, 'Mexico vs USA', 'Concacaf Qualifier', 120.00, 'Selling Fast'),
(152, 'Japan vs South Korea', 'Asian Cup', 100.00, 'Available'),
(153, 'Australia vs Saudi Arabia', 'World Cup Qualifier', 110.00, 'Sold Out'),
(154, 'Senegal vs Morocco', 'African Cup', 90.00, 'Available'),
(155, 'Egypt vs Algeria', 'African Cup', 95.00, 'Available'),
(156, 'Canada vs Mexico', 'Concacaf Qualifier', 115.00, 'Postponed'),
(157, 'Sweden vs Poland', 'International Friendly', 80.00, 'Available');

-- -----------------------------
-- BOOKINGS (58 rows)
-- -----------------------------
INSERT INTO Bookings (booking_id, user_id, match_id, seat_number, payment_status, total_cost) VALUES
(506, 5, 106, 'D-12', 'Confirmed', 110.00),
(507, 6, 107, 'E-05', 'Pending', 85.00),
(508, 7, 108, 'F-20', 'Cancelled', 95.00),
(509, 8, 109, 'G-15', 'Confirmed', 75.00),
(510, 9, 110, 'H-07', 'Refunded', 140.00),
(511, 10, 111, 'I-11', 'Confirmed', 200.00),
(512, 11, 112, 'J-03', 'Pending', 180.00),
(513, 12, 113, 'K-18', 'Confirmed', 170.00),
(514, 13, 114, 'L-22', NULL, 160.00),
(515, 14, 115, 'M-09', 'Confirmed', 130.00),
(516, 15, 116, 'N-14', 'Pending', 125.00),
(517, 16, 117, 'O-01', 'Confirmed', 145.00),
(518, 17, 118, 'P-19', 'Cancelled', 100.00),
(519, 18, 119, 'Q-06', 'Confirmed', 140.00),
(520, 19, 120, 'R-21', 'Confirmed', 95.00),
(521, 20, 121, 'S-13', 'Refunded', 150.00),
(522, 21, 122, 'T-08', 'Pending', 155.00),
(523, 22, 123, 'U-16', 'Confirmed', 135.00),
(524, 23, 124, 'V-04', 'Confirmed', 120.00),
(525, 24, 125, 'W-10', 'Cancelled', 110.00),
(526, 25, 126, 'X-17', 'Confirmed', 80.00),
(527, 26, 127, 'Y-02', 'Pending', 90.00),
(528, 27, 128, 'Z-23', 'Confirmed', 165.00),
(529, 28, 129, 'A-25', 'Confirmed', 175.00),
(530, 29, 130, 'B-11', 'Refunded', 190.00),
(531, 30, 131, 'C-07', 'Confirmed', 155.00),
(532, 31, 132, 'D-14', 'Pending', 185.00),
(533, 32, 133, 'E-09', 'Confirmed', 160.00),
(534, 33, 134, 'F-18', 'Cancelled', 195.00),
(535, 34, 135, 'G-05', 'Confirmed', 160.00),
(536, 35, 136, 'H-22', 'Confirmed', 85.00),
(537, 36, 137, 'I-12', 'Pending', 105.00),
(538, 37, 138, 'J-20', 'Confirmed', 200.00),
(539, 38, 139, 'K-03', 'Confirmed', 145.00),
(540, 39, 140, 'L-16', 'Refunded', 115.00),
(541, 40, 141, 'M-07', 'Confirmed', 130.00),
(542, 41, 142, 'N-24', 'Cancelled', 125.00),
(543, 42, 143, 'O-11', 'Pending', 135.00),
(544, 43, 144, 'P-19', 'Confirmed', 125.00),
(545, 44, 145, 'Q-02', 'Confirmed', 150.00),
(546, 45, 146, 'R-15', 'Confirmed', 105.00),
(547, 46, 147, 'S-08', 'Pending', 170.00),
(548, 47, 148, 'T-13', 'Confirmed', 180.00),
(549, 48, 149, 'U-21', 'Refunded', 140.00),
(550, 49, 150, 'V-06', 'Confirmed', 145.00),
(551, 50, 151, 'W-17', 'Confirmed', 120.00),
(552, 51, 152, 'X-01', 'Cancelled', 100.00),
(553, 52, 153, 'Y-14', 'Pending', 110.00),
(554, 53, 154, 'Z-09', 'Confirmed', 90.00),
(555, 54, 155, 'A-30', 'Confirmed', 95.00),
(556, 55, 156, 'B-12', 'Confirmed', 115.00),
(557, 5, 107, 'C-27', 'Confirmed', 85.00),
(558, 6, 108, 'D-05', 'Pending', 95.00),
(559, 7, 109, 'E-19', 'Confirmed', 75.00),
(560, 8, 110, 'F-11', 'Refunded', 140.00),
(561, 9, 111, 'G-23', 'Confirmed', 200.00),
(562, 10, 112, 'H-04', 'Pending', 180.00),
(563, 11, 113, 'I-28', 'Confirmed', 170.00);